batch,eval_reward
0,-0.30122655630111694
10,28.575288772583008
20,28.161657333374023
30,27.09329605102539
40,26.904054641723633
50,26.346479415893555
60,25.282939910888672
70,25.386083602905273
80,25.278717041015625
90,25.172300338745117
99,25.484848022460938
