eval_batch,eval_reward_normalized
0,26.2794246673584
5,28.176347732543945
10,28.143871307373047
15,28.46607780456543
20,26.2794246673584
25,26.2794246673584
30,26.2794246673584
35,26.2794246673584
40,28.46607780456543
45,28.46607780456543
50,28.46607780456543
55,28.46607780456543
60,28.46607780456543
65,28.46607780456543
70,28.46607780456543
75,27.38178253173828
80,26.587820053100586
85,26.31886100769043
90,26.430953979492188
95,26.814647674560547
99,26.784862518310547
