batch,eval_reward
0,12.083747653961181
10,12.105235328674317
20,12.058594017028808
30,11.504730248451233
40,11.638219580650329
50,11.539587931632996
60,11.492845687866211
70,11.591248168945313
80,11.564708724021912
90,11.483328719139099
99,11.69811029434204
