batch,eval_reward
0,-4.535167629718781
10,-1.2103640282154082
20,-1.1593510431051255
30,-1.2781539475917816
40,-0.8515714621543884
50,-0.7327180659770965
60,-0.6485893768072128
70,-0.5963596811890602
80,-0.562501295208931
90,-0.5544349810481072
