eval_batch,eval_reward_normalized
0,1.8431400179490447
10,29.023235473632813
20,29.052234802246094
30,29.122978801727296
40,29.14685703277588
50,29.21368293762207
60,29.25264196395874
70,29.271044940948485
80,29.303718509674074
90,29.412084999084474
99,29.382448062896728
