eval_batch,eval_reward_normalized
0,1.999491468667984
10,29.041302738189696
20,29.04727773666382
30,29.184879455566406
40,29.328484630584718
50,29.284857578277588
60,29.43738552093506
70,29.55577085494995
80,29.702975234985352
90,29.76863599777222
99,29.748017654418945
