batch,eval_reward
0,2.2160298824310303
10,4.425673961639404
20,4.646623134613037
30,4.646623134613037
40,4.646623134613037
50,4.646623134613037
60,4.646623134613037
70,4.646623134613037
80,4.646623134613037
90,4.646623134613037
99,4.646623134613037
