batch,eval_reward
0,0.0
10,3.819597005844116
20,4.669735431671143
30,4.669735431671143
40,4.669735431671143
50,4.669735431671143
60,4.669735431671143
70,4.669735431671143
80,4.669735431671143
90,4.669735431671143
