batch,eval_reward
0,0.36070942878723145
10,4.669735431671143
20,4.669735431671143
30,4.669735431671143
40,4.669735431671143
50,4.669735431671143
60,4.669735431671143
70,4.669735431671143
80,4.669735431671143
90,4.661619663238525
99,4.669735431671143
