batch,eval_reward
0,0.36070942878723145
10,4.661619663238525
20,4.661619663238525
30,4.661619663238525
40,4.661619663238525
50,4.669735431671143
60,4.669735431671143
70,4.669735431671143
80,4.669735431671143
90,4.669735431671143
99,4.669735431671143
