batch,eval_reward
0,2.5217864513397217
10,3.640749454498291
20,3.815117359161377
30,3.9228124618530273
40,3.9228124618530273
50,3.9228124618530273
60,3.9228124618530273
70,3.9228124618530273
80,3.9228124618530273
90,3.9228124618530273
99,3.9228124618530273
