batch,eval_reward
0,11.84511266708374
10,11.952718534469604
20,11.738734970092773
30,11.573835906982422
40,11.58447846889496
50,11.579373416900635
60,11.652288484573365
70,11.717428483963012
80,11.637272634506225
90,11.591406950950622
99,11.621450462341308
