eval_batch,eval_reward_normalized
0,3.044020414352417
10,3.815117359161377
20,4.137016296386719
30,4.137016296386719
40,4.137016296386719
50,4.137016296386719
60,4.137016296386719
70,4.137016296386719
80,4.137016296386719
90,4.137016296386719
99,4.137016296386719
